{"af331039": {"text": "LRJ0", "created_at": 1776943323.2905385, "expire_at": 1776943923.2905385}, "a76abc18": {"text": "G7CH", "created_at": 1776943356.9320228, "expire_at": 1776943956.9320228}, "52cbd65c": {"text": "HKQX", "created_at": 1776944032.253284, "expire_at": 1776944632.253284}, "ebf22070": {"text": "T1CK", "created_at": 1776944178.2893994, "expire_at": 1776944778.2893994}, "3056bb52": {"text": "5FRA", "created_at": 1776944263.780802, "expire_at": 1776944863.780802}, "94bbc2f6": {"text": "GVLL", "created_at": 1776944352.3822234, "expire_at": 1776944952.3822234}}